dataset,seed,acc_treino,acc_val,acc_teste
xor,42,0.8777777777777778,0.85,0.8666666666666667
xor,43,0.9,0.8333333333333334,0.8
xor,44,0.9277777777777778,0.9,0.9166666666666666
xor,45,0.9166666666666666,0.8833333333333333,0.9
xor,46,0.8777777777777778,0.8666666666666667,0.8833333333333333
moons,42,0.9166666666666666,0.8166666666666667,0.8166666666666667
moons,43,0.85,0.9,0.8833333333333333
moons,44,0.8944444444444445,0.8166666666666667,0.8666666666666667
moons,45,0.9055555555555556,0.9166666666666666,0.8833333333333333
moons,46,0.8722222222222222,0.95,0.8
circles,42,0.9722222222222222,0.95,0.9833333333333333
circles,43,0.9722222222222222,1.0,0.9333333333333333
circles,44,0.9722222222222222,1.0,0.9666666666666667
circles,45,0.9777777777777777,0.9833333333333333,0.95
circles,46,0.9722222222222222,0.9833333333333333,0.9833333333333333
