encoding,dataset,seed,ansatz,L_reup,n_layers,acc_treino,acc_val,acc_teste,epoca_escolhida,custo_final,epoca_90pct,segundos,n_qubits,depth,gates_1q,gates_2q,gates_total,depth_encoding,gates_1q_encoding,gates_2q_encoding,gates_total_encoding,n_params_ansatz,n_params_encoding,n_params_circuito,aval_derivadas_amostra,aval_gradiente_amostra,n_aval_passo,n_shots_passo,normalizacao
amplitude,xor,42,strongly_entangling,,2,0.8,0.6666666666666666,0.7666666666666667,2,0.8234657867889136,1,3.116374700097367,1,8,8,0,8,2,2,0,2,6,0,6,12,13,260,260000,"[0,pi]"
amplitude,xor,43,strongly_entangling,,2,0.6722222222222223,0.8,0.5833333333333334,27,0.8650427792900328,3,3.158173799980432,1,8,8,0,8,2,2,0,2,6,0,6,12,13,260,260000,"[0,pi]"
amplitude,xor,44,strongly_entangling,,2,0.6444444444444445,0.75,0.7333333333333333,21,0.850541980156257,1,3.1736035000067204,1,8,8,0,8,2,2,0,2,6,0,6,12,13,260,260000,"[0,pi]"
amplitude,xor,45,strongly_entangling,,2,0.7555555555555555,0.75,0.6833333333333333,2,0.8444479900149873,2,3.6502677998505533,1,8,8,0,8,2,2,0,2,6,0,6,12,13,260,260000,"[0,pi]"
amplitude,xor,46,strongly_entangling,,2,0.7166666666666667,0.7,0.7,3,0.8437048032603578,1,3.2762183998711407,1,8,8,0,8,2,2,0,2,6,0,6,12,13,260,260000,"[0,pi]"
amplitude,moons,42,strongly_entangling,,2,0.8888888888888888,0.8,0.8,29,0.3471477871120682,1,3.1105130999349058,1,8,8,0,8,2,2,0,2,6,0,6,12,13,260,260000,"[0,pi]"
amplitude,moons,43,strongly_entangling,,2,0.8222222222222222,0.8666666666666667,0.8333333333333334,1,0.4553239392709519,1,3.178253599908203,1,8,8,0,8,2,2,0,2,6,0,6,12,13,260,260000,"[0,pi]"
amplitude,moons,44,strongly_entangling,,2,0.8722222222222222,0.85,0.8333333333333334,10,0.395175209596333,1,3.242858499987051,1,8,8,0,8,2,2,0,2,6,0,6,12,13,260,260000,"[0,pi]"
amplitude,moons,45,strongly_entangling,,2,0.8611111111111112,0.85,0.85,7,0.4001259966526967,1,3.257249200018123,1,8,8,0,8,2,2,0,2,6,0,6,12,13,260,260000,"[0,pi]"
amplitude,moons,46,strongly_entangling,,2,0.8222222222222222,0.9166666666666666,0.8166666666666667,3,0.461952927832473,1,3.1928447999525815,1,8,8,0,8,2,2,0,2,6,0,6,12,13,260,260000,"[0,pi]"
amplitude,circles,42,strongly_entangling,,2,0.7833333333333333,0.75,0.7666666666666667,7,0.7905222866145896,3,3.134066800121218,1,8,8,0,8,2,2,0,2,6,0,6,12,13,260,260000,"[0,pi]"
amplitude,circles,43,strongly_entangling,,2,0.75,0.85,0.7166666666666667,4,0.8102881230376132,2,3.0900717999320477,1,8,8,0,8,2,2,0,2,6,0,6,12,13,260,260000,"[0,pi]"
amplitude,circles,44,strongly_entangling,,2,0.7333333333333333,0.8,0.85,8,0.8074618585325118,4,3.135651200078428,1,8,8,0,8,2,2,0,2,6,0,6,12,13,260,260000,"[0,pi]"
amplitude,circles,45,strongly_entangling,,2,0.7388888888888889,0.85,0.7666666666666667,19,0.7968625266756055,2,3.1011367000173777,1,8,8,0,8,2,2,0,2,6,0,6,12,13,260,260000,"[0,pi]"
amplitude,circles,46,strongly_entangling,,2,0.8,0.85,0.8166666666666667,16,0.7752337365510914,3,3.5810229000635445,1,8,8,0,8,2,2,0,2,6,0,6,12,13,260,260000,"[0,pi]"
amplitude,xor,42,strongly_entangling,,2,0.8555555555555555,0.85,0.85,1,0.36487652957442906,1,3.3647910999134183,1,8,8,0,8,2,2,0,2,6,0,6,12,13,260,260000,"[-1,1]"
amplitude,xor,43,strongly_entangling,,2,0.8944444444444445,0.8666666666666667,0.7833333333333333,3,0.3086890273747761,1,3.1107958001084626,1,8,8,0,8,2,2,0,2,6,0,6,12,13,260,260000,"[-1,1]"
amplitude,xor,44,strongly_entangling,,2,0.9,0.8666666666666667,0.95,4,0.26842777935809814,1,3.1247467999346554,1,8,8,0,8,2,2,0,2,6,0,6,12,13,260,260000,"[-1,1]"
amplitude,xor,45,strongly_entangling,,2,0.8722222222222222,0.9,0.8833333333333333,15,0.3850708491907534,1,3.096560599980876,1,8,8,0,8,2,2,0,2,6,0,6,12,13,260,260000,"[-1,1]"
amplitude,xor,46,strongly_entangling,,2,0.8944444444444445,0.8833333333333333,0.8833333333333333,3,0.3514692761815073,1,3.111595100024715,1,8,8,0,8,2,2,0,2,6,0,6,12,13,260,260000,"[-1,1]"
amplitude,moons,42,strongly_entangling,,2,0.49444444444444446,0.5666666666666667,0.5,30,1.0011749621644348,1,3.092299100011587,1,8,8,0,8,2,2,0,2,6,0,6,12,13,260,260000,"[-1,1]"
amplitude,moons,43,strongly_entangling,,2,0.5277777777777778,0.5166666666666667,0.48333333333333334,16,0.9886965035387195,1,3.1484416997991502,1,8,8,0,8,2,2,0,2,6,0,6,12,13,260,260000,"[-1,1]"
amplitude,moons,44,strongly_entangling,,2,0.5277777777777778,0.7166666666666667,0.43333333333333335,23,1.0018337158684925,1,3.157476600026712,1,8,8,0,8,2,2,0,2,6,0,6,12,13,260,260000,"[-1,1]"
amplitude,moons,45,strongly_entangling,,2,0.45555555555555555,0.55,0.5,2,0.994027382359342,1,3.147669799858704,1,8,8,0,8,2,2,0,2,6,0,6,12,13,260,260000,"[-1,1]"
amplitude,moons,46,strongly_entangling,,2,0.5,0.65,0.5,22,1.0019329234259968,1,3.256517799803987,1,8,8,0,8,2,2,0,2,6,0,6,12,13,260,260000,"[-1,1]"
amplitude,circles,42,strongly_entangling,,2,0.4722222222222222,0.5333333333333333,0.6333333333333333,3,1.0028526314173316,1,3.145833499962464,1,8,8,0,8,2,2,0,2,6,0,6,12,13,260,260000,"[-1,1]"
amplitude,circles,43,strongly_entangling,,2,0.5055555555555555,0.55,0.5166666666666667,4,1.0027287463952854,1,3.11897710012272,1,8,8,0,8,2,2,0,2,6,0,6,12,13,260,260000,"[-1,1]"
amplitude,circles,44,strongly_entangling,,2,0.5166666666666667,0.5833333333333334,0.4166666666666667,28,1.0042679203570273,1,3.1084346999414265,1,8,8,0,8,2,2,0,2,6,0,6,12,13,260,260000,"[-1,1]"
amplitude,circles,45,strongly_entangling,,2,0.4888888888888889,0.6166666666666667,0.5,23,1.0078434149626325,1,3.103180600097403,1,8,8,0,8,2,2,0,2,6,0,6,12,13,260,260000,"[-1,1]"
amplitude,circles,46,strongly_entangling,,2,0.4888888888888889,0.55,0.5,2,1.0044394375163168,1,3.0919571998529136,1,8,8,0,8,2,2,0,2,6,0,6,12,13,260,260000,"[-1,1]"
