versao,ruido,seed,limiar,sentido,acc_treino,acc_val,acc_teste,g_media_c0,g_desvio_c0,g_min_c0,g_max_c0,g_media_c1,g_desvio_c1,g_min_c1,g_max_c1,g_sobreposicao
sem_ruido,0.0,42,0.70135320384975,>,1.0,1.0,1.0,0.9431859719114439,0.04057443185719097,0.8868150786954448,1.0,1.8073417810270958,0.0011393994565822667,1.805412815399,1.809259996699312,0.0
sem_ruido,0.0,43,0.7010806533424151,>,1.0,1.0,1.0,0.9437686136854402,0.038812527663842404,0.8860047810934224,0.9994580159770668,1.8070716595327243,0.0012989912548413952,1.8048645973925936,1.8094163497638196,0.0
sem_ruido,0.0,44,0.701448061670318,>,1.0,1.0,1.0,0.9405663962931113,0.04020036395293375,0.8878588863499168,1.0000000000000002,1.8075012586281316,0.0011073441238795701,1.8057922466812717,1.8090169943749475,0.0
sem_ruido,0.0,45,0.70098938778425,>,1.0,1.0,1.0,0.9419161546104388,0.03916290103245339,0.8838595574128988,0.9995226812995882,1.8069542182792409,0.001475666656976465,1.804434869837412,1.809422205881593,0.0
sem_ruido,0.0,46,0.701448061670318,>,1.0,1.0,1.0,0.9456834674880574,0.038812351727697134,0.8878588863499168,1.0000000000000002,1.8073161008371739,0.0011051896898263852,1.8057922466812717,1.808994551875669,0.0
com_ruido,0.15,42,0.8236615491089603,>,0.9611111111111111,0.9333333333333333,0.9833333333333333,1.2661546867652216,0.20583053693342543,0.7158158658409065,1.7392139999058882,1.8444008515071955,0.10766903019503006,1.5192123069731536,1.9997105216584687,0.13333333333333333
com_ruido,0.15,43,0.8147510236684135,>,0.9666666666666667,0.9833333333333333,0.9333333333333333,1.2778552527760645,0.2096545965608004,0.7619763841134026,1.7016760533205333,1.8363165845979015,0.10701069677742861,1.45017661959653,1.9982126406948035,0.17222222222222222
com_ruido,0.15,44,0.805788862989052,>,0.9722222222222222,0.9333333333333333,0.9666666666666667,1.2652250364389444,0.20821605108202298,0.5186708503639759,1.7363705522967334,1.8238786860267286,0.0992431740679912,1.4694042247153796,1.9888571922526568,0.14444444444444443
com_ruido,0.15,45,0.7861145864154737,>,0.9777777777777777,0.9833333333333333,0.9666666666666667,1.215964166423215,0.21016952183310628,0.7089253444004243,1.749763344676221,1.8331280206671172,0.11000398025978643,1.571108567056443,1.9992025350447604,0.1388888888888889
com_ruido,0.15,46,0.79912785564396,>,0.9833333333333333,0.9833333333333333,0.9833333333333333,1.2853640392544652,0.1744465754901959,0.8901829983622903,1.684625352453323,1.8500790702284895,0.09779935768394284,1.5479539670911984,1.9917620052209943,0.08888888888888889
