encoding,dataset,acc_teste_mean,acc_teste_std,acc_teste_count,acc_val_mean,acc_val_std,acc_val_count,acc_treino_mean,acc_treino_std,epoca_escolhida_mean,epoca_escolhida_std,custo_final_mean,custo_final_std,epoca_90pct_mean,epoca_90pct_std,segundos_mean,n_qubits,depth,gates_1q,gates_2q,gates_total,depth_encoding,gates_1q_encoding,gates_2q_encoding,gates_total_encoding,n_params_ansatz,n_params_encoding,n_params_circuito,aval_derivadas_amostra,aval_gradiente_amostra,n_aval_passo,n_shots_passo
amplitude,circles,0.7833333333333334,0.05137011669140812,5,0.82,0.044721359549995766,5,0.7611111111111111,0.029133579115837558,10.8,6.3796551630946325,0.7960737062822824,0.014119883955838332,2.8,0.8366600265340756,3.2922440000809727,1,8,8,0,8,2,2,0,2,6,0,6,12,13,260,260000
amplitude,moons,0.8266666666666668,0.01900292375165233,5,0.8566666666666667,0.04183300132670375,5,0.8533333333333333,0.03007193022827635,10.0,11.180339887498949,0.4119451720929046,0.047439747908723975,1.0,0.0,3.369743019994348,1,8,8,0,8,2,2,0,2,6,0,6,12,13,260,260000
amplitude,xor,0.6933333333333334,0.0693221144769514,5,0.7333333333333333,0.05137011669140816,5,0.7177777777777778,0.06253394140113426,11.0,12.062338081814818,0.8454406679021098,0.01497631624399026,1.6,0.894427190999916,3.2660614199470728,1,8,8,0,8,2,2,0,2,6,0,6,12,13,260,260000
angle,circles,0.9533333333333334,0.02472066162365218,5,0.9833333333333332,0.020412414523193173,5,0.97,0.006334307917217406,15.8,8.167006795638166,0.5796660213539429,0.010639521266023863,8.8,10.256705123966467,6.76359954001382,2,11,14,4,18,1,2,0,2,12,0,12,24,25,500,500000
angle,moons,0.8466666666666667,0.03205897343611889,5,0.8866666666666667,0.04772607021092113,5,0.8766666666666666,0.028163981901414607,10.2,6.797058187186572,0.3866795606383529,0.047013348181346976,1.0,0.0,6.83946555997245,2,11,14,4,18,1,2,0,2,12,0,12,24,25,500,500000
angle,xor,0.8733333333333334,0.045030853620354284,5,0.9099999999999999,0.009128709291752732,5,0.8788888888888889,0.012044157438154858,7.4,9.91463564635635,0.536574255085544,0.0191128388750111,1.4,0.5477225575051661,6.755904899956659,2,11,14,4,18,1,2,0,2,12,0,12,24,25,500,500000
reuploading,circles,0.9566666666666667,0.02236067977499784,5,0.9866666666666667,0.021730674684008862,5,0.9577777777777777,0.010092167846991646,11.4,7.402702209328699,0.26756231747903386,0.015291072888860053,3.4,1.1401754250991378,11.445660259993748,2,18,24,6,30,3,6,0,6,18,0,18,36,37,740,740000
reuploading,moons,0.89,0.0450308536203543,5,0.9466666666666667,0.03800584750330457,5,0.921111111111111,0.024343224778007384,10.8,6.058052492344384,0.3043615775691638,0.04733170641975759,1.8,0.4472135954999579,10.670355400070548,2,18,24,6,30,3,6,0,6,18,0,18,36,37,740,740000
reuploading,xor,0.8699999999999999,0.04624812308503865,5,0.9099999999999999,0.009128709291752732,5,0.8977777777777778,0.026234931006927982,13.2,7.52994023880668,0.37846489836963304,0.03589545662368249,2.0,0.0,10.626174699980766,2,18,24,6,30,3,6,0,6,18,0,18,36,37,740,740000
zz,circles,0.8800000000000001,0.029814239699997188,5,0.9099999999999999,0.056025787713238684,5,0.9111111111111111,0.013608276348795433,8.2,4.604345773288536,0.4365959487013017,0.035485378294028855,1.0,0.0,8.343226659996436,2,20,22,8,30,10,10,4,14,12,0,12,24,25,500,500000
zz,moons,0.75,0.06770032003863304,5,0.7833333333333333,0.074535599249993,5,0.7622222222222221,0.04256440290972878,16.2,8.318653737234168,0.6595104822790281,0.018355158975554998,1.6,0.5477225575051662,8.274755600001663,2,20,22,8,30,10,10,4,14,12,0,12,24,25,500,500000
zz,xor,0.6833333333333333,0.023570226039551556,5,0.74,0.02527625148017184,5,0.6977777777777778,0.031081334957109692,10.8,9.85900603509299,0.7192268839865836,0.037160243897049215,1.4,0.8944271909999159,8.734151959978044,2,20,22,8,30,10,10,4,14,12,0,12,24,25,500,500000
