encoding,dataset,lr_escolhido,acc_val_mean_escolhido,acc_val_std_escolhido,acc_teste_mean_escolhido,acc_teste_std_escolhido,lr_protocolo,acc_val_mean_protocolo,acc_val_std_protocolo,acc_teste_mean_protocolo,acc_teste_std_protocolo,n_sementes,p,n_qubits
amplitude,circles,0.3,0.8266666666666668,0.05217491947499508,0.7733333333333334,0.04503085362035433,0.1,0.8200000000000001,0.04472135954999577,0.7833333333333334,0.05137011669140812,5,6,1
amplitude,moons,0.3,0.8633333333333335,0.04624812308503867,0.8366666666666667,0.02173067468400884,0.1,0.8566666666666667,0.041833001326703756,0.8266666666666668,0.019002923751652287,5,6,1
amplitude,xor,0.3,0.7466666666666667,0.043140597018482635,0.6933333333333334,0.05602578771323871,0.1,0.7333333333333334,0.051370116691408174,0.6933333333333334,0.0693221144769514,5,6,1
angle,circles,0.1,0.9833333333333332,0.02041241452319317,0.9533333333333334,0.02472066162365221,0.1,0.9833333333333332,0.02041241452319317,0.9533333333333334,0.02472066162365221,5,12,2
angle,moons,0.3,0.9066666666666666,0.04801620096962642,0.8466666666666667,0.059395098937351544,0.1,0.8866666666666667,0.04772607021092117,0.8466666666666667,0.03205897343611888,5,12,2
angle,xor,0.1,0.9099999999999999,0.009128709291752737,0.8733333333333333,0.04503085362035429,0.1,0.9099999999999999,0.009128709291752737,0.8733333333333333,0.04503085362035429,5,12,2
reuploading,circles,0.1,0.9866666666666667,0.02173067468400885,0.9566666666666667,0.022360679774997876,0.1,0.9866666666666667,0.02173067468400885,0.9566666666666667,0.022360679774997876,5,18,2
reuploading,moons,0.1,0.9466666666666667,0.0380058475033046,0.8899999999999999,0.04503085362035431,0.1,0.9466666666666667,0.0380058475033046,0.8899999999999999,0.04503085362035431,5,18,2
reuploading,xor,0.3,0.9133333333333333,0.007453559924999273,0.8699999999999999,0.051908038341324785,0.1,0.9099999999999999,0.009128709291752737,0.8699999999999999,0.04624812308503867,5,18,2
zz,circles,0.3,0.9166666666666666,0.05892556509887896,0.8699999999999999,0.027386127875258296,0.1,0.9099999999999999,0.05602578771323869,0.8799999999999999,0.0298142396999972,5,12,2
zz,moons,0.3,0.8,0.07264831572567788,0.7566666666666666,0.06078194176270159,0.1,0.7833333333333333,0.074535599249993,0.7500000000000001,0.06770032003863302,5,12,2
zz,xor,0.1,0.74,0.02527625148017187,0.6833333333333332,0.02357022603955158,0.1,0.74,0.02527625148017187,0.6833333333333332,0.02357022603955158,5,12,2
