encoding,dataset,lr,seed,acc_treino,acc_val,acc_teste,epoca_escolhida,p,n_qubits
angle,xor,0.01,42,0.8833333333333333,0.9,0.9166666666666666,5,12,2
angle,xor,0.01,43,0.8777777777777778,0.85,0.7333333333333333,6,12,2
angle,xor,0.01,44,0.9222222222222223,0.9,0.9166666666666666,1,12,2
angle,xor,0.01,45,0.8888888888888888,0.9,0.8833333333333333,1,12,2
angle,xor,0.01,46,0.8777777777777778,0.8833333333333333,0.8833333333333333,7,12,2
angle,xor,0.03,42,0.9,0.9,0.8833333333333333,20,12,2
angle,xor,0.03,43,0.9,0.85,0.8333333333333334,3,12,2
angle,xor,0.03,44,0.9,0.9,0.8833333333333333,3,12,2
angle,xor,0.03,45,0.9222222222222223,0.9,0.9333333333333333,11,12,2
angle,xor,0.03,46,0.8666666666666667,0.9166666666666666,0.8833333333333333,3,12,2
angle,xor,0.1,42,0.8833333333333333,0.9,0.8666666666666667,5,12,2
angle,xor,0.1,43,0.8777777777777778,0.9,0.8,2,12,2
angle,xor,0.1,44,0.8944444444444445,0.9166666666666666,0.8833333333333333,25,12,2
angle,xor,0.1,45,0.8777777777777778,0.9166666666666666,0.9,3,12,2
angle,xor,0.1,46,0.8611111111111112,0.9166666666666666,0.9166666666666666,2,12,2
angle,xor,0.3,42,0.8833333333333333,0.9,0.8833333333333333,28,12,2
angle,xor,0.3,43,0.8833333333333333,0.8666666666666667,0.7333333333333333,3,12,2
angle,xor,0.3,44,0.9,0.9,0.8833333333333333,19,12,2
angle,xor,0.3,45,0.9111111111111111,0.9,0.8833333333333333,12,12,2
angle,xor,0.3,46,0.8611111111111112,0.9333333333333333,0.9166666666666666,13,12,2
angle,moons,0.01,42,0.8722222222222222,0.8,0.8166666666666667,8,12,2
angle,moons,0.01,43,0.8166666666666667,0.8833333333333333,0.8833333333333333,11,12,2
angle,moons,0.01,44,0.8777777777777778,0.8666666666666667,0.8333333333333334,14,12,2
angle,moons,0.01,45,0.8611111111111112,0.85,0.8666666666666667,8,12,2
angle,moons,0.01,46,0.8555555555555555,0.95,0.8,20,12,2
angle,moons,0.03,42,0.9055555555555556,0.8,0.8166666666666667,26,12,2
angle,moons,0.03,43,0.8388888888888889,0.8833333333333333,0.8833333333333333,14,12,2
angle,moons,0.03,44,0.8777777777777778,0.8666666666666667,0.85,8,12,2
angle,moons,0.03,45,0.8777777777777778,0.8833333333333333,0.8666666666666667,25,12,2
angle,moons,0.03,46,0.8444444444444444,0.95,0.8333333333333334,14,12,2
angle,moons,0.1,42,0.9055555555555556,0.8166666666666667,0.8,4,12,2
angle,moons,0.1,43,0.85,0.9,0.8833333333333333,16,12,2
angle,moons,0.1,44,0.8833333333333333,0.8833333333333333,0.85,19,12,2
angle,moons,0.1,45,0.9,0.8833333333333333,0.8666666666666667,6,12,2
angle,moons,0.1,46,0.8444444444444444,0.95,0.8333333333333334,6,12,2
angle,moons,0.3,42,0.8833333333333333,0.8333333333333334,0.7833333333333333,4,12,2
angle,moons,0.3,43,0.8444444444444444,0.9166666666666666,0.85,13,12,2
angle,moons,0.3,44,0.8944444444444445,0.9,0.8666666666666667,16,12,2
angle,moons,0.3,45,0.9055555555555556,0.9166666666666666,0.9333333333333333,11,12,2
angle,moons,0.3,46,0.8444444444444444,0.9666666666666667,0.8,18,12,2
angle,circles,0.01,42,0.7388888888888889,0.7,0.8166666666666667,30,12,2
angle,circles,0.01,43,0.9722222222222222,1.0,0.9166666666666666,30,12,2
angle,circles,0.01,44,0.8888888888888888,0.8333333333333334,0.9166666666666666,30,12,2
angle,circles,0.01,45,0.9333333333333333,1.0,0.95,23,12,2
angle,circles,0.01,46,0.75,0.7666666666666667,0.7166666666666667,30,12,2
angle,circles,0.03,42,0.9555555555555556,0.95,1.0,18,12,2
angle,circles,0.03,43,0.9777777777777777,1.0,0.9333333333333333,10,12,2
angle,circles,0.03,44,0.9722222222222222,0.9833333333333333,0.9666666666666667,28,12,2
angle,circles,0.03,45,0.9666666666666667,1.0,0.9666666666666667,8,12,2
angle,circles,0.03,46,0.9611111111111111,0.9833333333333333,0.95,21,12,2
angle,circles,0.1,42,0.9666666666666667,0.95,0.9833333333333333,19,12,2
angle,circles,0.1,43,0.9777777777777777,1.0,0.95,10,12,2
angle,circles,0.1,44,0.9722222222222222,0.9833333333333333,0.95,17,12,2
angle,circles,0.1,45,0.9722222222222222,1.0,0.9666666666666667,6,12,2
angle,circles,0.1,46,0.9611111111111111,0.9833333333333333,0.9166666666666666,27,12,2
angle,circles,0.3,42,0.9555555555555556,0.95,0.9833333333333333,13,12,2
angle,circles,0.3,43,0.9611111111111111,1.0,0.95,20,12,2
angle,circles,0.3,44,0.9277777777777778,0.9666666666666667,0.95,26,12,2
angle,circles,0.3,45,0.9722222222222222,0.9833333333333333,0.95,4,12,2
angle,circles,0.3,46,0.9777777777777777,1.0,0.9833333333333333,15,12,2
amplitude,xor,0.01,42,0.6666666666666666,0.65,0.7,2,6,1
amplitude,xor,0.01,43,0.6777777777777778,0.7833333333333333,0.5833333333333334,28,6,1
amplitude,xor,0.01,44,0.6555555555555556,0.7,0.7,16,6,1
amplitude,xor,0.01,45,0.6388888888888888,0.7,0.65,7,6,1
amplitude,xor,0.01,46,0.7111111111111111,0.6666666666666666,0.6,21,6,1
amplitude,xor,0.03,42,0.6722222222222223,0.6333333333333333,0.7,1,6,1
amplitude,xor,0.03,43,0.6666666666666666,0.8,0.5833333333333334,12,6,1
amplitude,xor,0.03,44,0.6888888888888889,0.75,0.7666666666666667,15,6,1
amplitude,xor,0.03,45,0.6388888888888888,0.7,0.65,3,6,1
amplitude,xor,0.03,46,0.6666666666666666,0.6833333333333333,0.5833333333333334,5,6,1
amplitude,xor,0.1,42,0.8,0.6666666666666666,0.7666666666666667,2,6,1
amplitude,xor,0.1,43,0.6722222222222223,0.8,0.5833333333333334,27,6,1
amplitude,xor,0.1,44,0.6444444444444445,0.75,0.7333333333333333,21,6,1
amplitude,xor,0.1,45,0.7555555555555555,0.75,0.6833333333333333,2,6,1
amplitude,xor,0.1,46,0.7166666666666667,0.7,0.7,3,6,1
amplitude,xor,0.3,42,0.6833333333333333,0.6833333333333333,0.7,29,6,1
amplitude,xor,0.3,43,0.6944444444444444,0.8,0.6,9,6,1
amplitude,xor,0.3,44,0.7277777777777777,0.7333333333333333,0.75,2,6,1
amplitude,xor,0.3,45,0.75,0.7666666666666667,0.7166666666666667,1,6,1
amplitude,xor,0.3,46,0.7333333333333333,0.75,0.7,4,6,1
amplitude,moons,0.01,42,0.8722222222222222,0.7666666666666667,0.8,1,6,1
amplitude,moons,0.01,43,0.8055555555555556,0.85,0.85,1,6,1
amplitude,moons,0.01,44,0.8722222222222222,0.85,0.8333333333333334,4,6,1
amplitude,moons,0.01,45,0.8666666666666667,0.85,0.8666666666666667,5,6,1
amplitude,moons,0.01,46,0.8166666666666667,0.8833333333333333,0.8333333333333334,1,6,1
amplitude,moons,0.03,42,0.8944444444444445,0.7666666666666667,0.7833333333333333,1,6,1
amplitude,moons,0.03,43,0.8055555555555556,0.85,0.8666666666666667,1,6,1
amplitude,moons,0.03,44,0.8722222222222222,0.85,0.8333333333333334,2,6,1
amplitude,moons,0.03,45,0.8611111111111112,0.85,0.85,3,6,1
amplitude,moons,0.03,46,0.8055555555555556,0.9166666666666666,0.8333333333333334,2,6,1
amplitude,moons,0.1,42,0.8888888888888888,0.8,0.8,29,6,1
amplitude,moons,0.1,43,0.8222222222222222,0.8666666666666667,0.8333333333333334,1,6,1
amplitude,moons,0.1,44,0.8722222222222222,0.85,0.8333333333333334,10,6,1
amplitude,moons,0.1,45,0.8611111111111112,0.85,0.85,7,6,1
amplitude,moons,0.1,46,0.8222222222222222,0.9166666666666666,0.8166666666666667,3,6,1
amplitude,moons,0.3,42,0.9055555555555556,0.8,0.8166666666666667,3,6,1
amplitude,moons,0.3,43,0.8222222222222222,0.9,0.85,27,6,1
amplitude,moons,0.3,44,0.8722222222222222,0.85,0.8333333333333334,4,6,1
amplitude,moons,0.3,45,0.8666666666666667,0.85,0.8666666666666667,9,6,1
amplitude,moons,0.3,46,0.8222222222222222,0.9166666666666666,0.8166666666666667,11,6,1
amplitude,circles,0.01,42,0.7555555555555555,0.7333333333333333,0.7333333333333333,14,6,1
amplitude,circles,0.01,43,0.7555555555555555,0.8333333333333334,0.75,18,6,1
amplitude,circles,0.01,44,0.7888888888888889,0.7833333333333333,0.8666666666666667,23,6,1
amplitude,circles,0.01,45,0.7388888888888889,0.8166666666666667,0.8166666666666667,17,6,1
amplitude,circles,0.01,46,0.7722222222222223,0.8333333333333334,0.7833333333333333,17,6,1
amplitude,circles,0.03,42,0.7666666666666667,0.7333333333333333,0.7333333333333333,6,6,1
amplitude,circles,0.03,43,0.7555555555555555,0.8333333333333334,0.7666666666666667,27,6,1
amplitude,circles,0.03,44,0.7666666666666667,0.8,0.8333333333333334,14,6,1
amplitude,circles,0.03,45,0.7444444444444445,0.8166666666666667,0.8166666666666667,7,6,1
amplitude,circles,0.03,46,0.7833333333333333,0.8333333333333334,0.7833333333333333,9,6,1
amplitude,circles,0.1,42,0.7833333333333333,0.75,0.7666666666666667,7,6,1
amplitude,circles,0.1,43,0.75,0.85,0.7166666666666667,4,6,1
amplitude,circles,0.1,44,0.7333333333333333,0.8,0.85,8,6,1
amplitude,circles,0.1,45,0.7388888888888889,0.85,0.7666666666666667,19,6,1
amplitude,circles,0.1,46,0.8,0.85,0.8166666666666667,16,6,1
amplitude,circles,0.3,42,0.7388888888888889,0.75,0.75,16,6,1
amplitude,circles,0.3,43,0.75,0.85,0.7166666666666667,25,6,1
amplitude,circles,0.3,44,0.7388888888888889,0.8,0.8333333333333334,8,6,1
amplitude,circles,0.3,45,0.75,0.85,0.7666666666666667,7,6,1
amplitude,circles,0.3,46,0.7888888888888889,0.8833333333333333,0.8,4,6,1
reuploading,xor,0.01,42,0.9,0.9,0.85,29,18,2
reuploading,xor,0.01,43,0.8444444444444444,0.8666666666666667,0.75,22,18,2
reuploading,xor,0.01,44,0.9111111111111111,0.9,0.9166666666666666,30,18,2
reuploading,xor,0.01,45,0.8833333333333333,0.8833333333333333,0.9333333333333333,17,18,2
reuploading,xor,0.01,46,0.8666666666666667,0.85,0.85,19,18,2
reuploading,xor,0.03,42,0.8944444444444445,0.9,0.8666666666666667,10,18,2
reuploading,xor,0.03,43,0.8833333333333333,0.9166666666666666,0.8,15,18,2
reuploading,xor,0.03,44,0.9111111111111111,0.9,0.9166666666666666,13,18,2
reuploading,xor,0.03,45,0.8722222222222222,0.9,0.9,5,18,2
reuploading,xor,0.03,46,0.8833333333333333,0.9166666666666666,0.9,28,18,2
reuploading,xor,0.1,42,0.9,0.9,0.85,5,18,2
reuploading,xor,0.1,43,0.9222222222222223,0.9166666666666666,0.8,14,18,2
reuploading,xor,0.1,44,0.9222222222222223,0.9,0.8833333333333333,6,18,2
reuploading,xor,0.1,45,0.8833333333333333,0.9166666666666666,0.9166666666666666,21,18,2
reuploading,xor,0.1,46,0.8611111111111112,0.9166666666666666,0.9,20,18,2
reuploading,xor,0.3,42,0.8777777777777778,0.9166666666666666,0.9,20,18,2
reuploading,xor,0.3,43,0.9055555555555556,0.9166666666666666,0.7833333333333333,14,18,2
reuploading,xor,0.3,44,0.8777777777777778,0.9,0.8666666666666667,7,18,2
reuploading,xor,0.3,45,0.9,0.9166666666666666,0.9166666666666666,24,18,2
reuploading,xor,0.3,46,0.8666666666666667,0.9166666666666666,0.8833333333333333,9,18,2
reuploading,moons,0.01,42,0.9277777777777778,0.8666666666666667,0.85,11,18,2
reuploading,moons,0.01,43,0.8777777777777778,0.95,0.9166666666666666,27,18,2
reuploading,moons,0.01,44,0.8833333333333333,0.8666666666666667,0.7833333333333333,11,18,2
reuploading,moons,0.01,45,0.9222222222222223,0.95,0.9333333333333333,25,18,2
reuploading,moons,0.01,46,0.8944444444444445,0.9666666666666667,0.85,19,18,2
reuploading,moons,0.03,42,0.9277777777777778,0.8833333333333333,0.8333333333333334,10,18,2
reuploading,moons,0.03,43,0.8777777777777778,0.9666666666666667,0.9166666666666666,24,18,2
reuploading,moons,0.03,44,0.85,0.8833333333333333,0.75,4,18,2
reuploading,moons,0.03,45,0.9277777777777778,0.95,0.9166666666666666,18,18,2
reuploading,moons,0.03,46,0.8944444444444445,0.9833333333333333,0.85,18,18,2
reuploading,moons,0.1,42,0.9333333333333333,0.8833333333333333,0.8333333333333334,10,18,2
reuploading,moons,0.1,43,0.8833333333333333,0.9666666666666667,0.9166666666666666,5,18,2
reuploading,moons,0.1,44,0.9444444444444444,0.95,0.9166666666666666,20,18,2
reuploading,moons,0.1,45,0.9333333333333333,0.95,0.9333333333333333,6,18,2
reuploading,moons,0.1,46,0.9111111111111111,0.9833333333333333,0.85,13,18,2
reuploading,moons,0.3,42,0.9277777777777778,0.8833333333333333,0.8666666666666667,4,18,2
reuploading,moons,0.3,43,0.9055555555555556,0.95,0.8833333333333333,4,18,2
reuploading,moons,0.3,44,0.9166666666666666,0.9333333333333333,0.8666666666666667,25,18,2
reuploading,moons,0.3,45,0.9222222222222223,0.95,0.9333333333333333,30,18,2
reuploading,moons,0.3,46,0.9,0.9833333333333333,0.8333333333333334,6,18,2
reuploading,circles,0.01,42,0.9611111111111111,0.9,0.9333333333333333,30,18,2
reuploading,circles,0.01,43,0.8166666666666667,0.9166666666666666,0.8166666666666667,20,18,2
reuploading,circles,0.01,44,0.9111111111111111,0.9333333333333333,0.9,20,18,2
reuploading,circles,0.01,45,0.8722222222222222,0.8833333333333333,0.8833333333333333,15,18,2
reuploading,circles,0.01,46,0.9444444444444444,0.9833333333333333,0.9166666666666666,24,18,2
reuploading,circles,0.03,42,0.9666666666666667,0.95,0.95,14,18,2
reuploading,circles,0.03,43,0.9388888888888889,0.9833333333333333,0.9166666666666666,17,18,2
reuploading,circles,0.03,44,0.9611111111111111,0.95,0.9666666666666667,23,18,2
reuploading,circles,0.03,45,0.9777777777777777,1.0,0.95,18,18,2
reuploading,circles,0.03,46,0.9722222222222222,1.0,0.95,19,18,2
reuploading,circles,0.1,42,0.9611111111111111,0.95,0.9833333333333333,7,18,2
reuploading,circles,0.1,43,0.9555555555555556,1.0,0.9333333333333333,12,18,2
reuploading,circles,0.1,44,0.9722222222222222,0.9833333333333333,0.9666666666666667,24,18,2
reuploading,circles,0.1,45,0.9555555555555556,1.0,0.9666666666666667,8,18,2
reuploading,circles,0.1,46,0.9444444444444444,1.0,0.9333333333333333,6,18,2
reuploading,circles,0.3,42,0.95,0.95,0.9833333333333333,22,18,2
reuploading,circles,0.3,43,0.95,1.0,0.9166666666666666,7,18,2
reuploading,circles,0.3,44,0.9722222222222222,0.9666666666666667,0.9666666666666667,27,18,2
reuploading,circles,0.3,45,0.9722222222222222,1.0,0.9666666666666667,2,18,2
reuploading,circles,0.3,46,0.9777777777777777,1.0,0.9833333333333333,12,18,2
zz,xor,0.01,42,0.6888888888888889,0.6166666666666667,0.6833333333333333,30,12,2
zz,xor,0.01,43,0.7388888888888889,0.7666666666666667,0.65,26,12,2
zz,xor,0.01,44,0.7111111111111111,0.6833333333333333,0.7166666666666667,21,12,2
zz,xor,0.01,45,0.75,0.7166666666666667,0.7333333333333333,11,12,2
zz,xor,0.01,46,0.6888888888888889,0.7,0.6666666666666666,29,12,2
zz,xor,0.03,42,0.7055555555555556,0.6333333333333333,0.7166666666666667,11,12,2
zz,xor,0.03,43,0.7444444444444445,0.75,0.6166666666666667,9,12,2
zz,xor,0.03,44,0.7722222222222223,0.7333333333333333,0.7333333333333333,23,12,2
zz,xor,0.03,45,0.7444444444444445,0.7166666666666667,0.7,5,12,2
zz,xor,0.03,46,0.6777777777777778,0.7166666666666667,0.6666666666666666,8,12,2
zz,xor,0.1,42,0.7055555555555556,0.7,0.7166666666666667,8,12,2
zz,xor,0.1,43,0.7166666666666667,0.7666666666666667,0.6833333333333333,18,12,2
zz,xor,0.1,44,0.6777777777777778,0.7333333333333333,0.6833333333333333,2,12,2
zz,xor,0.1,45,0.7333333333333333,0.75,0.65,24,12,2
zz,xor,0.1,46,0.6555555555555556,0.75,0.6833333333333333,2,12,2
zz,xor,0.3,42,0.7,0.6833333333333333,0.75,8,12,2
zz,xor,0.3,43,0.6777777777777778,0.7833333333333333,0.6166666666666667,11,12,2
zz,xor,0.3,44,0.7388888888888889,0.7166666666666667,0.7333333333333333,3,12,2
zz,xor,0.3,45,0.7222222222222222,0.75,0.6666666666666666,7,12,2
zz,xor,0.3,46,0.6944444444444444,0.7666666666666667,0.6833333333333333,30,12,2
zz,moons,0.01,42,0.7388888888888889,0.6833333333333333,0.7333333333333333,12,12,2
zz,moons,0.01,43,0.7722222222222223,0.85,0.7166666666666667,27,12,2
zz,moons,0.01,44,0.6777777777777778,0.75,0.6666666666666666,10,12,2
zz,moons,0.01,45,0.6777777777777778,0.7166666666666667,0.7166666666666667,10,12,2
zz,moons,0.01,46,0.7666666666666667,0.7833333333333333,0.85,13,12,2
zz,moons,0.03,42,0.8,0.7166666666666667,0.7833333333333333,15,12,2
zz,moons,0.03,43,0.7833333333333333,0.8666666666666667,0.75,20,12,2
zz,moons,0.03,44,0.6944444444444444,0.75,0.7166666666666667,7,12,2
zz,moons,0.03,45,0.7222222222222222,0.7333333333333333,0.7166666666666667,4,12,2
zz,moons,0.03,46,0.7722222222222223,0.8,0.8333333333333334,21,12,2
zz,moons,0.1,42,0.7944444444444444,0.7333333333333333,0.75,17,12,2
zz,moons,0.1,43,0.7666666666666667,0.8833333333333333,0.7166666666666667,25,12,2
zz,moons,0.1,44,0.6888888888888889,0.7666666666666667,0.7,23,12,2
zz,moons,0.1,45,0.7722222222222223,0.7,0.7166666666666667,5,12,2
zz,moons,0.1,46,0.7888888888888889,0.8333333333333334,0.8666666666666667,11,12,2
zz,moons,0.3,42,0.7888888888888889,0.75,0.75,19,12,2
zz,moons,0.3,43,0.7611111111111111,0.8833333333333333,0.7833333333333333,24,12,2
zz,moons,0.3,44,0.7277777777777777,0.7833333333333333,0.6666666666666666,2,12,2
zz,moons,0.3,45,0.7277777777777777,0.7166666666666667,0.75,20,12,2
zz,moons,0.3,46,0.7611111111111111,0.8666666666666667,0.8333333333333334,6,12,2
zz,circles,0.01,42,0.9,0.8,0.9333333333333333,1,12,2
zz,circles,0.01,43,0.9055555555555556,0.9333333333333333,0.9,1,12,2
zz,circles,0.01,44,0.9277777777777778,0.8833333333333333,0.9,5,12,2
zz,circles,0.01,45,0.8944444444444445,0.9166666666666666,0.8666666666666667,2,12,2
zz,circles,0.01,46,0.9333333333333333,0.9333333333333333,0.8833333333333333,5,12,2
zz,circles,0.03,42,0.9333333333333333,0.8,0.9,2,12,2
zz,circles,0.03,43,0.9111111111111111,0.9333333333333333,0.8833333333333333,24,12,2
zz,circles,0.03,44,0.8944444444444445,0.9,0.9166666666666666,21,12,2
zz,circles,0.03,45,0.8944444444444445,0.9166666666666666,0.8666666666666667,1,12,2
zz,circles,0.03,46,0.9333333333333333,0.9333333333333333,0.8666666666666667,2,12,2
zz,circles,0.1,42,0.9166666666666666,0.8166666666666667,0.9,10,12,2
zz,circles,0.1,43,0.8944444444444445,0.95,0.8833333333333333,10,12,2
zz,circles,0.1,44,0.9,0.9333333333333333,0.9166666666666666,3,12,2
zz,circles,0.1,45,0.9277777777777778,0.9,0.85,4,12,2
zz,circles,0.1,46,0.9166666666666666,0.95,0.85,14,12,2
zz,circles,0.3,42,0.9,0.8166666666666667,0.8833333333333333,24,12,2
zz,circles,0.3,43,0.9055555555555556,0.95,0.8833333333333333,18,12,2
zz,circles,0.3,44,0.8666666666666667,0.9333333333333333,0.9,15,12,2
zz,circles,0.3,45,0.9111111111111111,0.9166666666666666,0.8333333333333334,4,12,2
zz,circles,0.3,46,0.8833333333333333,0.9666666666666667,0.85,11,12,2
