encoding,dataset,seed,ansatz,R,L_var,acc_treino,acc_val,acc_teste,epoca_escolhida,custo_final,epoca_90pct,segundos,n_qubits,depth,gates_1q,gates_2q,gates_total,depth_encoding,gates_1q_encoding,gates_2q_encoding,gates_total_encoding,n_params_ansatz,n_params_encoding,n_params_circuito,aval_derivadas_amostra,aval_gradiente_amostra,n_aval_passo,n_shots_passo
angle,xor,42,strongly_entangling,,1,0.5444444444444444,0.48333333333333334,0.5,2,0.9774578476952046,1,3.9883823001291603,2,6,8,2,10,1,2,0,2,6,0,6,12,13,260,260000
angle,xor,43,strongly_entangling,,1,0.5166666666666667,0.5833333333333334,0.5,5,0.9962894573350711,3,3.9922223000321537,2,6,8,2,10,1,2,0,2,6,0,6,12,13,260,260000
angle,xor,44,strongly_entangling,,1,0.5166666666666667,0.7,0.5,28,1.002851288013225,1,4.124684999929741,2,6,8,2,10,1,2,0,2,6,0,6,12,13,260,260000
angle,xor,45,strongly_entangling,,1,0.5055555555555555,0.5666666666666667,0.4666666666666667,13,0.9961623497031872,1,4.053188399877399,2,6,8,2,10,1,2,0,2,6,0,6,12,13,260,260000
angle,xor,46,strongly_entangling,,1,0.4888888888888889,0.6333333333333333,0.6166666666666667,8,0.9993119056258135,1,3.9919930999167264,2,6,8,2,10,1,2,0,2,6,0,6,12,13,260,260000
angle,moons,42,strongly_entangling,,1,0.85,0.7666666666666667,0.7666666666666667,1,0.3979901230747201,1,3.9889299001079053,2,6,8,2,10,1,2,0,2,6,0,6,12,13,260,260000
angle,moons,43,strongly_entangling,,1,0.7888888888888889,0.9,0.8833333333333333,12,0.4894949593044216,1,4.043466700008139,2,6,8,2,10,1,2,0,2,6,0,6,12,13,260,260000
angle,moons,44,strongly_entangling,,1,0.8611111111111112,0.85,0.8,3,0.41411681065542744,1,4.003514199983329,2,6,8,2,10,1,2,0,2,6,0,6,12,13,260,260000
angle,moons,45,strongly_entangling,,1,0.8333333333333334,0.8833333333333333,0.8666666666666667,10,0.44550488322389914,1,4.00583459995687,2,6,8,2,10,1,2,0,2,6,0,6,12,13,260,260000
angle,moons,46,strongly_entangling,,1,0.8277777777777777,0.9,0.7166666666666667,4,0.46693029032941186,1,4.022766300011426,2,6,8,2,10,1,2,0,2,6,0,6,12,13,260,260000
angle,circles,42,strongly_entangling,,1,0.8055555555555556,0.8,0.7166666666666667,19,0.7383569480214891,2,4.017199799884111,2,6,8,2,10,1,2,0,2,6,0,6,12,13,260,260000
angle,circles,43,strongly_entangling,,1,0.7333333333333333,0.85,0.8166666666666667,2,0.7997648728142505,2,3.988043100107461,2,6,8,2,10,1,2,0,2,6,0,6,12,13,260,260000
angle,circles,44,strongly_entangling,,1,0.7555555555555555,0.8,0.7666666666666667,24,0.785685939054482,3,3.9945241999812424,2,6,8,2,10,1,2,0,2,6,0,6,12,13,260,260000
angle,circles,45,strongly_entangling,,1,0.8277777777777777,0.8,0.8333333333333334,28,0.7401491628029905,2,4.024488100083545,2,6,8,2,10,1,2,0,2,6,0,6,12,13,260,260000
angle,circles,46,strongly_entangling,,1,0.7722222222222223,0.8833333333333333,0.7666666666666667,13,0.7859677951716173,3,4.003930299775675,2,6,8,2,10,1,2,0,2,6,0,6,12,13,260,260000
angle,xor,42,strongly_entangling,,2,0.8833333333333333,0.9,0.8666666666666667,5,0.5308700023302153,1,6.558143100002781,2,11,14,4,18,1,2,0,2,12,0,12,24,25,500,500000
angle,xor,43,strongly_entangling,,2,0.8777777777777778,0.9,0.8,2,0.557878633688201,2,6.600931399967521,2,11,14,4,18,1,2,0,2,12,0,12,24,25,500,500000
angle,xor,44,strongly_entangling,,2,0.8944444444444445,0.9166666666666666,0.8833333333333333,25,0.5118667925916511,1,6.9177826999221,2,11,14,4,18,1,2,0,2,12,0,12,24,25,500,500000
angle,xor,45,strongly_entangling,,2,0.8777777777777778,0.9166666666666666,0.9,3,0.5284224738098854,2,6.579243200132623,2,11,14,4,18,1,2,0,2,12,0,12,24,25,500,500000
angle,xor,46,strongly_entangling,,2,0.8611111111111112,0.9166666666666666,0.9166666666666666,2,0.5538333730077675,1,6.68886399990879,2,11,14,4,18,1,2,0,2,12,0,12,24,25,500,500000
angle,moons,42,strongly_entangling,,2,0.9055555555555556,0.8166666666666667,0.8,4,0.3277947958344339,1,6.661663299892098,2,11,14,4,18,1,2,0,2,12,0,12,24,25,500,500000
angle,moons,43,strongly_entangling,,2,0.85,0.9,0.8833333333333333,16,0.434707525613284,1,6.61946459999308,2,11,14,4,18,1,2,0,2,12,0,12,24,25,500,500000
angle,moons,44,strongly_entangling,,2,0.8833333333333333,0.8833333333333333,0.85,19,0.3685700576228292,1,6.723087799968198,2,11,14,4,18,1,2,0,2,12,0,12,24,25,500,500000
angle,moons,45,strongly_entangling,,2,0.9,0.8833333333333333,0.8666666666666667,6,0.3671080410628811,1,6.558100700145587,2,11,14,4,18,1,2,0,2,12,0,12,24,25,500,500000
angle,moons,46,strongly_entangling,,2,0.8444444444444444,0.95,0.8333333333333334,6,0.4352173830583362,1,6.637010599952191,2,11,14,4,18,1,2,0,2,12,0,12,24,25,500,500000
angle,circles,42,strongly_entangling,,2,0.9666666666666667,0.95,0.9833333333333333,19,0.5772739594398923,6,6.631164400139824,2,11,14,4,18,1,2,0,2,12,0,12,24,25,500,500000
angle,circles,43,strongly_entangling,,2,0.9777777777777777,1.0,0.95,10,0.5824359694658524,3,6.572043000021949,2,11,14,4,18,1,2,0,2,12,0,12,24,25,500,500000
angle,circles,44,strongly_entangling,,2,0.9722222222222222,0.9833333333333333,0.95,17,0.5941821853154073,5,6.601272800005972,2,11,14,4,18,1,2,0,2,12,0,12,24,25,500,500000
angle,circles,45,strongly_entangling,,2,0.9722222222222222,1.0,0.9666666666666667,6,0.5645454150664281,3,6.544520199997351,2,11,14,4,18,1,2,0,2,12,0,12,24,25,500,500000
angle,circles,46,strongly_entangling,,2,0.9611111111111111,0.9833333333333333,0.9166666666666666,27,0.5798925774821339,27,6.628975900122896,2,11,14,4,18,1,2,0,2,12,0,12,24,25,500,500000
angle,xor,42,strongly_entangling,,3,0.8888888888888888,0.8833333333333333,0.8166666666666667,12,0.5257174784770678,6,9.162357700057328,2,16,20,6,26,1,2,0,2,18,0,18,36,37,740,740000
angle,xor,43,strongly_entangling,,3,0.8944444444444445,0.8833333333333333,0.8,9,0.5553844098614604,3,9.175094499951228,2,16,20,6,26,1,2,0,2,18,0,18,36,37,740,740000
angle,xor,44,strongly_entangling,,3,0.9055555555555556,0.9166666666666666,0.8666666666666667,20,0.513447202823259,2,9.176522399997339,2,16,20,6,26,1,2,0,2,18,0,18,36,37,740,740000
angle,xor,45,strongly_entangling,,3,0.8944444444444445,0.9166666666666666,0.8833333333333333,14,0.5303527492192008,3,9.21727370005101,2,16,20,6,26,1,2,0,2,18,0,18,36,37,740,740000
angle,xor,46,strongly_entangling,,3,0.8666666666666667,0.9166666666666666,0.9,20,0.5574167687755147,3,9.184696699958295,2,16,20,6,26,1,2,0,2,18,0,18,36,37,740,740000
angle,moons,42,strongly_entangling,,3,0.9,0.8333333333333334,0.8,9,0.3166108203943991,1,9.179436200065538,2,16,20,6,26,1,2,0,2,18,0,18,36,37,740,740000
angle,moons,43,strongly_entangling,,3,0.8277777777777777,0.9,0.8833333333333333,3,0.44702754768945696,2,9.163643300067633,2,16,20,6,26,1,2,0,2,18,0,18,36,37,740,740000
angle,moons,44,strongly_entangling,,3,0.8666666666666667,0.8833333333333333,0.8166666666666667,4,0.3612261801204049,1,9.318091300083324,2,16,20,6,26,1,2,0,2,18,0,18,36,37,740,740000
angle,moons,45,strongly_entangling,,3,0.8666666666666667,0.9166666666666666,0.9166666666666666,6,0.36799200551535616,2,9.295133500127122,2,16,20,6,26,1,2,0,2,18,0,18,36,37,740,740000
angle,moons,46,strongly_entangling,,3,0.8444444444444444,0.95,0.8,10,0.424644834922525,2,9.349295699968934,2,16,20,6,26,1,2,0,2,18,0,18,36,37,740,740000
angle,circles,42,strongly_entangling,,3,0.9611111111111111,0.95,0.9833333333333333,19,0.5767000440094517,3,9.161704099969938,2,16,20,6,26,1,2,0,2,18,0,18,36,37,740,740000
angle,circles,43,strongly_entangling,,3,0.9722222222222222,1.0,0.9333333333333333,15,0.5832030618852313,3,9.169064400019124,2,16,20,6,26,1,2,0,2,18,0,18,36,37,740,740000
angle,circles,44,strongly_entangling,,3,0.9722222222222222,0.9833333333333333,0.9666666666666667,11,0.5941581227951491,3,9.13346689986065,2,16,20,6,26,1,2,0,2,18,0,18,36,37,740,740000
angle,circles,45,strongly_entangling,,3,0.9388888888888889,0.9833333333333333,0.9166666666666666,4,0.5648453905310304,2,9.210278999991715,2,16,20,6,26,1,2,0,2,18,0,18,36,37,740,740000
angle,circles,46,strongly_entangling,,3,0.9722222222222222,1.0,0.9833333333333333,6,0.578000467723699,3,9.2808848998975,2,16,20,6,26,1,2,0,2,18,0,18,36,37,740,740000
angle,xor,42,strongly_entangling,,4,0.8888888888888888,0.9166666666666666,0.8666666666666667,12,0.5440451629905889,2,11.840788400033489,2,21,26,8,34,1,2,0,2,24,0,24,48,49,980,980000
angle,xor,43,strongly_entangling,,4,0.9055555555555556,0.8833333333333333,0.8,5,0.5795696636491795,2,11.730598399881274,2,21,26,8,34,1,2,0,2,24,0,24,48,49,980,980000
angle,xor,44,strongly_entangling,,4,0.9111111111111111,0.9,0.8666666666666667,7,0.5483937240323947,2,11.73101200000383,2,21,26,8,34,1,2,0,2,24,0,24,48,49,980,980000
angle,xor,45,strongly_entangling,,4,0.85,0.9,0.9166666666666666,2,0.5418631552769982,2,11.726029000012204,2,21,26,8,34,1,2,0,2,24,0,24,48,49,980,980000
angle,xor,46,strongly_entangling,,4,0.8611111111111112,0.9166666666666666,0.9,13,0.5969340068545971,2,11.71409979998134,2,21,26,8,34,1,2,0,2,24,0,24,48,49,980,980000
angle,moons,42,strongly_entangling,,4,0.9,0.8333333333333334,0.8166666666666667,21,0.31990784586177534,1,11.895060800015926,2,21,26,8,34,1,2,0,2,24,0,24,48,49,980,980000
angle,moons,43,strongly_entangling,,4,0.8277777777777777,0.9,0.8833333333333333,2,0.44601608226407163,1,11.692867399891838,2,21,26,8,34,1,2,0,2,24,0,24,48,49,980,980000
angle,moons,44,strongly_entangling,,4,0.8666666666666667,0.9,0.85,5,0.3583092747687933,1,11.673047099960968,2,21,26,8,34,1,2,0,2,24,0,24,48,49,980,980000
angle,moons,45,strongly_entangling,,4,0.8833333333333333,0.9166666666666666,0.8666666666666667,10,0.395830545425377,1,11.81850289995782,2,21,26,8,34,1,2,0,2,24,0,24,48,49,980,980000
angle,moons,46,strongly_entangling,,4,0.8666666666666667,0.95,0.8,4,0.4250147510320477,1,11.725277999881655,2,21,26,8,34,1,2,0,2,24,0,24,48,49,980,980000
angle,circles,42,strongly_entangling,,4,0.9444444444444444,0.95,0.9,6,0.578699861418447,1,11.626577000133693,2,21,26,8,34,1,2,0,2,24,0,24,48,49,980,980000
angle,circles,43,strongly_entangling,,4,0.9777777777777777,1.0,0.9333333333333333,10,0.5903749356786713,1,11.718890300020576,2,21,26,8,34,1,2,0,2,24,0,24,48,49,980,980000
angle,circles,44,strongly_entangling,,4,0.9666666666666667,0.9833333333333333,0.9666666666666667,17,0.5946193868210092,2,11.678868900053203,2,21,26,8,34,1,2,0,2,24,0,24,48,49,980,980000
angle,circles,45,strongly_entangling,,4,0.9333333333333333,1.0,0.9333333333333333,5,0.5671070846917544,3,11.748197600012645,2,21,26,8,34,1,2,0,2,24,0,24,48,49,980,980000
angle,circles,46,strongly_entangling,,4,0.95,1.0,0.9333333333333333,6,0.580785589813167,2,11.610808099852875,2,21,26,8,34,1,2,0,2,24,0,24,48,49,980,980000
angle,xor,42,strongly_entangling,,5,0.8777777777777778,0.9,0.8833333333333333,15,0.5338562614410007,2,14.298611900070682,2,26,32,10,42,1,2,0,2,30,0,30,60,61,1220,1220000
angle,xor,43,strongly_entangling,,5,0.9055555555555556,0.8833333333333333,0.8166666666666667,15,0.5551393825260902,1,14.348546900087968,2,26,32,10,42,1,2,0,2,30,0,30,60,61,1220,1220000
angle,xor,44,strongly_entangling,,5,0.9166666666666666,0.9166666666666666,0.8833333333333333,26,0.5168400686279253,1,14.404084699926898,2,26,32,10,42,1,2,0,2,30,0,30,60,61,1220,1220000
angle,xor,45,strongly_entangling,,5,0.9055555555555556,0.9,0.9,12,0.5322733065681456,1,14.353216500021517,2,26,32,10,42,1,2,0,2,30,0,30,60,61,1220,1220000
angle,xor,46,strongly_entangling,,5,0.85,0.9166666666666666,0.95,21,0.5611352229692165,1,14.237539099995047,2,26,32,10,42,1,2,0,2,30,0,30,60,61,1220,1220000
angle,moons,42,strongly_entangling,,5,0.9055555555555556,0.8333333333333334,0.8166666666666667,17,0.3375408829169316,1,14.2152563999407,2,26,32,10,42,1,2,0,2,30,0,30,60,61,1220,1220000
angle,moons,43,strongly_entangling,,5,0.8611111111111112,0.9166666666666666,0.9166666666666666,1,0.4260342305489449,1,14.265533299883828,2,26,32,10,42,1,2,0,2,30,0,30,60,61,1220,1220000
angle,moons,44,strongly_entangling,,5,0.8555555555555555,0.8833333333333333,0.8166666666666667,8,0.36452550943842793,1,14.883291499922052,2,26,32,10,42,1,2,0,2,30,0,30,60,61,1220,1220000
angle,moons,45,strongly_entangling,,5,0.8833333333333333,0.8833333333333333,0.8833333333333333,4,0.3680248096370061,1,14.656550100073218,2,26,32,10,42,1,2,0,2,30,0,30,60,61,1220,1220000
angle,moons,46,strongly_entangling,,5,0.8555555555555555,0.95,0.8,8,0.42667567542319945,1,14.677457799902186,2,26,32,10,42,1,2,0,2,30,0,30,60,61,1220,1220000
angle,circles,42,strongly_entangling,,5,0.9555555555555556,0.95,0.9833333333333333,18,0.5786053817810379,4,14.682801899965852,2,26,32,10,42,1,2,0,2,30,0,30,60,61,1220,1220000
angle,circles,43,strongly_entangling,,5,0.9666666666666667,1.0,0.9166666666666666,4,0.5856285598623604,3,14.497403800021857,2,26,32,10,42,1,2,0,2,30,0,30,60,61,1220,1220000
angle,circles,44,strongly_entangling,,5,0.9666666666666667,1.0,0.9666666666666667,23,0.5954331173243439,5,14.322203800082207,2,26,32,10,42,1,2,0,2,30,0,30,60,61,1220,1220000
angle,circles,45,strongly_entangling,,5,0.9333333333333333,1.0,0.95,14,0.5686317913114346,2,14.243152899900451,2,26,32,10,42,1,2,0,2,30,0,30,60,61,1220,1220000
angle,circles,46,strongly_entangling,,5,0.9111111111111111,1.0,0.9,3,0.5839618669972237,3,14.383377999998629,2,26,32,10,42,1,2,0,2,30,0,30,60,61,1220,1220000
