encoding,dataset,seed,ansatz,L_reup,n_layers,acc_treino,acc_val,acc_teste,epoca_escolhida,custo_final,epoca_90pct,segundos,n_qubits,depth,depth_encoding,gates_1q,gates_2q,n_params_ansatz,n_params_encoding,n_params_circuito,aval_derivadas_amostra,aval_gradiente_amostra,n_aval_passo,n_shots_passo
reuploading,xor,42,strongly_entangling,1,,0.5444444444444444,0.48333333333333334,0.5,2,0.9774578476952046,1,4.156312300125137,2,6,1,8,2,6,0,6,12,13,260,260000
reuploading,xor,43,strongly_entangling,1,,0.5166666666666667,0.5833333333333334,0.5,5,0.9962894573350711,3,4.322892599971965,2,6,1,8,2,6,0,6,12,13,260,260000
reuploading,xor,44,strongly_entangling,1,,0.5166666666666667,0.7,0.5,28,1.002851288013225,1,4.414126300020143,2,6,1,8,2,6,0,6,12,13,260,260000
reuploading,xor,45,strongly_entangling,1,,0.5055555555555555,0.5666666666666667,0.4666666666666667,13,0.9961623497031872,1,4.481017199810594,2,6,1,8,2,6,0,6,12,13,260,260000
reuploading,xor,46,strongly_entangling,1,,0.4888888888888889,0.6333333333333333,0.6166666666666667,8,0.9993119056258135,1,5.103430399904028,2,6,1,8,2,6,0,6,12,13,260,260000
reuploading,moons,42,strongly_entangling,1,,0.85,0.7666666666666667,0.7666666666666667,1,0.3979901230747201,1,4.189773400081322,2,6,1,8,2,6,0,6,12,13,260,260000
reuploading,moons,43,strongly_entangling,1,,0.7888888888888889,0.9,0.8833333333333333,12,0.4894949593044216,1,4.484388200100511,2,6,1,8,2,6,0,6,12,13,260,260000
reuploading,moons,44,strongly_entangling,1,,0.8611111111111112,0.85,0.8,3,0.41411681065542744,1,4.606390299974009,2,6,1,8,2,6,0,6,12,13,260,260000
reuploading,moons,45,strongly_entangling,1,,0.8333333333333334,0.8833333333333333,0.8666666666666667,10,0.44550488322389914,1,4.463871599873528,2,6,1,8,2,6,0,6,12,13,260,260000
reuploading,moons,46,strongly_entangling,1,,0.8277777777777777,0.9,0.7166666666666667,4,0.46693029032941186,1,4.710969700012356,2,6,1,8,2,6,0,6,12,13,260,260000
reuploading,circles,42,strongly_entangling,1,,0.8055555555555556,0.8,0.7166666666666667,19,0.7383569480214891,2,4.481688000028953,2,6,1,8,2,6,0,6,12,13,260,260000
reuploading,circles,43,strongly_entangling,1,,0.7333333333333333,0.85,0.8166666666666667,2,0.7997648728142505,2,4.264987299917266,2,6,1,8,2,6,0,6,12,13,260,260000
reuploading,circles,44,strongly_entangling,1,,0.7555555555555555,0.8,0.7666666666666667,24,0.785685939054482,3,4.158326200209558,2,6,1,8,2,6,0,6,12,13,260,260000
reuploading,circles,45,strongly_entangling,1,,0.8277777777777777,0.8,0.8333333333333334,28,0.7401491628029905,2,4.173001700080931,2,6,1,8,2,6,0,6,12,13,260,260000
reuploading,circles,46,strongly_entangling,1,,0.7722222222222223,0.8833333333333333,0.7666666666666667,13,0.7859677951716173,3,4.4434466999955475,2,6,1,8,2,6,0,6,12,13,260,260000
reuploading,xor,42,strongly_entangling,2,,0.8944444444444445,0.9,0.8666666666666667,6,0.46470089127938363,3,7.522091699996963,2,12,2,16,4,12,0,12,24,25,500,500000
reuploading,xor,43,strongly_entangling,2,,0.8944444444444445,0.8833333333333333,0.8166666666666667,24,0.49539431758087066,3,7.467043000040576,2,12,2,16,4,12,0,12,24,25,500,500000
reuploading,xor,44,strongly_entangling,2,,0.9055555555555556,0.9,0.9,10,0.4602806077723266,2,7.727123700082302,2,12,2,16,4,12,0,12,24,25,500,500000
reuploading,xor,45,strongly_entangling,2,,0.8833333333333333,0.9,0.9333333333333333,12,0.4742592702654873,2,7.7408176001627,2,12,2,16,4,12,0,12,24,25,500,500000
reuploading,xor,46,strongly_entangling,2,,0.8833333333333333,0.9,0.8833333333333333,9,0.4970349112278503,2,8.103834900073707,2,12,2,16,4,12,0,12,24,25,500,500000
reuploading,moons,42,strongly_entangling,2,,0.9055555555555556,0.8166666666666667,0.8166666666666667,25,0.28198811138707813,2,8.080991300055757,2,12,2,16,4,12,0,12,24,25,500,500000
reuploading,moons,43,strongly_entangling,2,,0.8222222222222222,0.9,0.9166666666666666,3,0.4257828744357896,1,7.617718900088221,2,12,2,16,4,12,0,12,24,25,500,500000
reuploading,moons,44,strongly_entangling,2,,0.8833333333333333,0.9,0.8666666666666667,15,0.34954728684527187,1,8.037930000107735,2,12,2,16,4,12,0,12,24,25,500,500000
reuploading,moons,45,strongly_entangling,2,,0.8888888888888888,0.9166666666666666,0.8833333333333333,15,0.3362610692431423,1,8.222670400049537,2,12,2,16,4,12,0,12,24,25,500,500000
reuploading,moons,46,strongly_entangling,2,,0.8611111111111112,0.9666666666666667,0.8166666666666667,13,0.41791158996436406,1,8.351022300077602,2,12,2,16,4,12,0,12,24,25,500,500000
reuploading,circles,42,strongly_entangling,2,,0.9555555555555556,0.9666666666666667,0.9666666666666667,8,0.5194541158809685,4,7.927955799968913,2,12,2,16,4,12,0,12,24,25,500,500000
reuploading,circles,43,strongly_entangling,2,,0.9444444444444444,1.0,0.9333333333333333,9,0.5541083629072414,3,7.8217434999533,2,12,2,16,4,12,0,12,24,25,500,500000
reuploading,circles,44,strongly_entangling,2,,0.9444444444444444,0.95,0.9333333333333333,6,0.5678040867061899,2,8.11148940003477,2,12,2,16,4,12,0,12,24,25,500,500000
reuploading,circles,45,strongly_entangling,2,,0.9666666666666667,0.9833333333333333,0.9333333333333333,5,0.5208445746157767,3,7.823750799987465,2,12,2,16,4,12,0,12,24,25,500,500000
reuploading,circles,46,strongly_entangling,2,,0.9555555555555556,1.0,0.95,5,0.5420077432831225,4,8.5268633000087,2,12,2,16,4,12,0,12,24,25,500,500000
reuploading,xor,42,strongly_entangling,3,,0.9,0.9,0.85,5,0.3859312569906067,2,12.347166299819946,2,18,3,24,6,18,0,18,36,37,740,740000
reuploading,xor,43,strongly_entangling,3,,0.9222222222222223,0.9166666666666666,0.8,14,0.36889549895031215,2,11.49703640001826,2,18,3,24,6,18,0,18,36,37,740,740000
reuploading,xor,44,strongly_entangling,3,,0.9222222222222223,0.9,0.8833333333333333,6,0.33651252854318314,2,11.803244799841195,2,18,3,24,6,18,0,18,36,37,740,740000
reuploading,xor,45,strongly_entangling,3,,0.8833333333333333,0.9166666666666666,0.9166666666666666,21,0.366757055873583,2,11.717003399971873,2,18,3,24,6,18,0,18,36,37,740,740000
reuploading,xor,46,strongly_entangling,3,,0.8611111111111112,0.9166666666666666,0.9,20,0.4342281514904801,2,11.733813700033352,2,18,3,24,6,18,0,18,36,37,740,740000
reuploading,moons,42,strongly_entangling,3,,0.9333333333333333,0.8833333333333333,0.8333333333333334,10,0.24515739084511193,2,11.421616399893537,2,18,3,24,6,18,0,18,36,37,740,740000
reuploading,moons,43,strongly_entangling,3,,0.8833333333333333,0.9666666666666667,0.9166666666666666,5,0.3529220425481566,1,12.515427200123668,2,18,3,24,6,18,0,18,36,37,740,740000
reuploading,moons,44,strongly_entangling,3,,0.9444444444444444,0.95,0.9166666666666666,20,0.28337381479248785,2,11.875289999879897,2,18,3,24,6,18,0,18,36,37,740,740000
reuploading,moons,45,strongly_entangling,3,,0.9333333333333333,0.95,0.9333333333333333,6,0.28733568731200865,2,11.8791108999867,2,18,3,24,6,18,0,18,36,37,740,740000
reuploading,moons,46,strongly_entangling,3,,0.9111111111111111,0.9833333333333333,0.85,13,0.353018952348054,2,11.947046900168061,2,18,3,24,6,18,0,18,36,37,740,740000
reuploading,circles,42,strongly_entangling,3,,0.9611111111111111,0.95,0.9833333333333333,7,0.26584874299460465,5,11.918359600007534,2,18,3,24,6,18,0,18,36,37,740,740000
reuploading,circles,43,strongly_entangling,3,,0.9555555555555556,1.0,0.9333333333333333,12,0.26928553990944604,4,11.123063899809495,2,18,3,24,6,18,0,18,36,37,740,740000
reuploading,circles,44,strongly_entangling,3,,0.9722222222222222,0.9833333333333333,0.9666666666666667,24,0.2924503516905788,2,12.320075300056487,2,18,3,24,6,18,0,18,36,37,740,740000
reuploading,circles,45,strongly_entangling,3,,0.9555555555555556,1.0,0.9666666666666667,8,0.25512513804014114,3,12.051833800040185,2,18,3,24,6,18,0,18,36,37,740,740000
reuploading,circles,46,strongly_entangling,3,,0.9444444444444444,1.0,0.9333333333333333,6,0.2551018147603987,3,12.022459700005129,2,18,3,24,6,18,0,18,36,37,740,740000
reuploading,xor,42,strongly_entangling,4,,0.9,0.9,0.8833333333333333,8,0.35704960592594753,1,15.599192599998787,2,24,4,32,8,24,0,24,48,49,980,980000
reuploading,xor,43,strongly_entangling,4,,0.8944444444444445,0.9,0.8,29,0.3516054384069136,1,16.10203989990987,2,24,4,32,8,24,0,24,48,49,980,980000
reuploading,xor,44,strongly_entangling,4,,0.9166666666666666,0.9166666666666666,0.9,6,0.30682182882397263,1,15.402285299962386,2,24,4,32,8,24,0,24,48,49,980,980000
reuploading,xor,45,strongly_entangling,4,,0.8888888888888888,0.8666666666666667,0.9166666666666666,21,0.3470372208453424,2,15.475450500147417,2,24,4,32,8,24,0,24,48,49,980,980000
reuploading,xor,46,strongly_entangling,4,,0.9,0.9166666666666666,0.9,19,0.3730164645088761,2,15.610145899932832,2,24,4,32,8,24,0,24,48,49,980,980000
reuploading,moons,42,strongly_entangling,4,,0.95,0.9333333333333333,0.8833333333333333,11,0.14092541252840565,2,14.864067499991506,2,24,4,32,8,24,0,24,48,49,980,980000
reuploading,moons,43,strongly_entangling,4,,0.9333333333333333,1.0,0.9666666666666667,12,0.17868296167411254,4,15.350866900058463,2,24,4,32,8,24,0,24,48,49,980,980000
reuploading,moons,44,strongly_entangling,4,,0.9666666666666667,0.9666666666666667,0.9333333333333333,14,0.15529693242857173,2,15.109325099969283,2,24,4,32,8,24,0,24,48,49,980,980000
reuploading,moons,45,strongly_entangling,4,,0.9555555555555556,0.9666666666666667,0.95,8,0.15809032097053194,1,15.600888399872929,2,24,4,32,8,24,0,24,48,49,980,980000
reuploading,moons,46,strongly_entangling,4,,0.9333333333333333,1.0,0.9166666666666666,7,0.22656253756645595,2,15.393750599818304,2,24,4,32,8,24,0,24,48,49,980,980000
reuploading,circles,42,strongly_entangling,4,,0.9611111111111111,0.95,0.9833333333333333,12,0.24940638815227345,2,15.303939000004902,2,24,4,32,8,24,0,24,48,49,980,980000
reuploading,circles,43,strongly_entangling,4,,0.9555555555555556,0.9833333333333333,0.9166666666666666,14,0.2800033280010519,1,15.49202680005692,2,24,4,32,8,24,0,24,48,49,980,980000
reuploading,circles,44,strongly_entangling,4,,0.9666666666666667,0.9666666666666667,0.9666666666666667,7,0.28863226667540737,1,15.571599600138143,2,24,4,32,8,24,0,24,48,49,980,980000
reuploading,circles,45,strongly_entangling,4,,0.9555555555555556,1.0,0.95,4,0.25683990169746324,1,15.905363199999556,2,24,4,32,8,24,0,24,48,49,980,980000
reuploading,circles,46,strongly_entangling,4,,0.9777777777777777,0.9833333333333333,0.9666666666666667,7,0.26413977606324074,1,14.932346399873495,2,24,4,32,8,24,0,24,48,49,980,980000
reuploading,xor,42,strongly_entangling,5,,0.8833333333333333,0.9,0.85,25,0.3471174441404496,1,19.0237651001662,2,30,5,40,10,30,0,30,60,61,1220,1220000
reuploading,xor,43,strongly_entangling,5,,0.9,0.9166666666666666,0.7666666666666667,30,0.32691563521284983,2,17.936937200138345,2,30,5,40,10,30,0,30,60,61,1220,1220000
reuploading,xor,44,strongly_entangling,5,,0.9222222222222223,0.9,0.8666666666666667,18,0.2761540969652503,2,18.518802599981427,2,30,5,40,10,30,0,30,60,61,1220,1220000
reuploading,xor,45,strongly_entangling,5,,0.9055555555555556,0.9,0.8666666666666667,8,0.3184415063612715,1,18.23639680002816,2,30,5,40,10,30,0,30,60,61,1220,1220000
reuploading,xor,46,strongly_entangling,5,,0.8555555555555555,0.9166666666666666,0.9166666666666666,28,0.36911818803023577,2,18.95145729999058,2,30,5,40,10,30,0,30,60,61,1220,1220000
reuploading,moons,42,strongly_entangling,5,,0.9666666666666667,0.9666666666666667,0.95,1,0.09649149420069483,1,19.155740400077775,2,30,5,40,10,30,0,30,60,61,1220,1220000
reuploading,moons,43,strongly_entangling,5,,0.9611111111111111,1.0,0.9666666666666667,3,0.1057979068838841,1,19.439633999951184,2,30,5,40,10,30,0,30,60,61,1220,1220000
reuploading,moons,44,strongly_entangling,5,,0.9777777777777777,1.0,0.95,4,0.11584099287679853,1,19.15217370004393,2,30,5,40,10,30,0,30,60,61,1220,1220000
reuploading,moons,45,strongly_entangling,5,,0.9833333333333333,1.0,0.9833333333333333,20,0.0896403157391314,1,19.332471400033683,2,30,5,40,10,30,0,30,60,61,1220,1220000
reuploading,moons,46,strongly_entangling,5,,0.9555555555555556,1.0,0.9166666666666666,4,0.16982494055442385,1,18.832024300005287,2,30,5,40,10,30,0,30,60,61,1220,1220000
reuploading,circles,42,strongly_entangling,5,,0.9666666666666667,0.95,0.9833333333333333,25,0.17471500212639096,1,18.439947200007737,2,30,5,40,10,30,0,30,60,61,1220,1220000
reuploading,circles,43,strongly_entangling,5,,0.9666666666666667,1.0,0.9333333333333333,8,0.20170118638255138,1,18.168239100137725,2,30,5,40,10,30,0,30,60,61,1220,1220000
reuploading,circles,44,strongly_entangling,5,,0.9666666666666667,1.0,0.95,26,0.2031742447159248,2,18.184956699842587,2,30,5,40,10,30,0,30,60,61,1220,1220000
reuploading,circles,45,strongly_entangling,5,,0.9666666666666667,1.0,0.95,17,0.18567683235372795,1,18.824383600149304,2,30,5,40,10,30,0,30,60,61,1220,1220000
reuploading,circles,46,strongly_entangling,5,,0.9444444444444444,1.0,0.9,3,0.19818637572836983,1,19.733770200051367,2,30,5,40,10,30,0,30,60,61,1220,1220000
